{"cameraMode":{"drawMode":0,"name":"Shaded","section":"Shading Mode"},"sceneLighting":true,"audioPlay":false,"sceneViewState":{"m_AlwaysRefresh":false,"showFog":true,"showSkybox":true,"showFlares":true,"showImageEffects":true,"showParticleSystems":true,"showVisualEffectGraphs":true,"m_FxEnabled":true},"in2DMode":false,"pivot":{"x":9.989089965820313,"y":-2.9479286670684816,"z":-0.42607852816581728},"rotation":{"x":-0.22957170009613038,"y":-0.6479623317718506,"z":0.21472838521003724,"w":-0.6935754418373108},"size":4.586613178253174,"orthographic":false}