{"cameraMode":{"drawMode":0,"name":"Shaded","section":"Shading Mode"},"sceneLighting":false,"audioPlay":false,"sceneViewState":{"m_AlwaysRefresh":false,"showFog":true,"showSkybox":false,"showFlares":true,"showImageEffects":true,"showParticleSystems":true,"showVisualEffectGraphs":true,"m_FxEnabled":true},"in2DMode":false,"pivot":{"x":0.8479474186897278,"y":-0.3426372706890106,"z":-0.9391743540763855},"rotation":{"x":-0.008566499687731266,"y":-0.9355186223983765,"z":0.35245242714881899,"w":-0.02273961529135704},"size":2.4660637378692629,"orthographic":false}