{"cameraMode":{"drawMode":0,"name":"Shaded","section":"Shading Mode"},"sceneLighting":false,"audioPlay":false,"sceneViewState":{"m_AlwaysRefresh":false,"showFog":true,"showSkybox":false,"showFlares":true,"showImageEffects":true,"showParticleSystems":true,"showVisualEffectGraphs":true,"m_FxEnabled":true},"in2DMode":false,"pivot":{"x":-0.5471110939979553,"y":-0.8503724932670593,"z":-0.4250226616859436},"rotation":{"x":-0.06044270470738411,"y":-0.8979477286338806,"z":0.41595500707626345,"w":-0.13048286736011506},"size":2.4660637378692629,"orthographic":false}